search_key,city,url
Party Supply Rental,"New York City, NY",https://www.yellowpages.com/search?search_terms=Party+Supply+Rental&geo_location_terms=New+York+City%2C+NY
Party Supply Rental,"Los Angeles, CA",https://www.yellowpages.com/search?search_terms=Party+Supply+Rental&geo_location_terms=Los+Angeles%2C+CA
Party Supply Rental,"Chicago, IL",https://www.yellowpages.com/search?search_terms=Party+Supply+Rental&geo_location_terms=Chicago%2C+IL
Party Supply Rental,"Houston, TX",https://www.yellowpages.com/search?search_terms=Party+Supply+Rental&geo_location_terms=Houston%2C+TX
Party Supply Rental,"Phoenix, AZ",https://www.yellowpages.com/search?search_terms=Party+Supply+Rental&geo_location_terms=Phoenix%2C+AZ
Party Supply Rental,"Philadelphia, PA",https://www.yellowpages.com/search?search_terms=Party+Supply+Rental&geo_location_terms=Philadelphia%2C+PA
Party Supply Rental,"San Antonio, TX",https://www.yellowpages.com/search?search_terms=Party+Supply+Rental&geo_location_terms=San+Antonio%2C+TX
Party Supply Rental,"San Diego, CA",https://www.yellowpages.com/search?search_terms=Party+Supply+Rental&geo_location_terms=San+Diego%2C+CA
Party Supply Rental,"Dallas, TX",https://www.yellowpages.com/search?search_terms=Party+Supply+Rental&geo_location_terms=Dallas%2C+TX
Party Supply Rental,"San Jose, CA",https://www.yellowpages.com/search?search_terms=Party+Supply+Rental&geo_location_terms=San+Jose%2C+CA
Party Supply Rental,"Austin, TX",https://www.yellowpages.com/search?search_terms=Party+Supply+Rental&geo_location_terms=Austin%2C+TX
Party Supply Rental,"Jacksonville, FL",https://www.yellowpages.com/search?search_terms=Party+Supply+Rental&geo_location_terms=Jacksonville%2C+FL
Party Supply Rental,"San Francisco, CA",https://www.yellowpages.com/search?search_terms=Party+Supply+Rental&geo_location_terms=San+Francisco%2C+CA
Party Supply Rental,"Columbus, OH",https://www.yellowpages.com/search?search_terms=Party+Supply+Rental&geo_location_terms=Columbus%2C+OH
Party Supply Rental,"Fort Worth, TX",https://www.yellowpages.com/search?search_terms=Party+Supply+Rental&geo_location_terms=Fort+Worth%2C+TX
Party Supply Rental,"Indianapolis, IN",https://www.yellowpages.com/search?search_terms=Party+Supply+Rental&geo_location_terms=Indianapolis%2C+IN
Party Supply Rental,"Charlotte, NC",https://www.yellowpages.com/search?search_terms=Party+Supply+Rental&geo_location_terms=Charlotte%2C+NC
Party Supply Rental,"Seattle, WA",https://www.yellowpages.com/search?search_terms=Party+Supply+Rental&geo_location_terms=Seattle%2C+WA
Party Supply Rental,"Denver, CO",https://www.yellowpages.com/search?search_terms=Party+Supply+Rental&geo_location_terms=Denver%2C+CO
Party Supply Rental,"Washington, D.C., DC",https://www.yellowpages.com/search?search_terms=Party+Supply+Rental&geo_location_terms=Washington%2C+D.C.%2C+DC
Party Supply Rental,"Boston, MA",https://www.yellowpages.com/search?search_terms=Party+Supply+Rental&geo_location_terms=Boston%2C+MA
Party Supply Rental,"El Paso, TX",https://www.yellowpages.com/search?search_terms=Party+Supply+Rental&geo_location_terms=El+Paso%2C+TX
Party Supply Rental,"Detroit, MI",https://www.yellowpages.com/search?search_terms=Party+Supply+Rental&geo_location_terms=Detroit%2C+MI
Party Supply Rental,"Nashville, TN",https://www.yellowpages.com/search?search_terms=Party+Supply+Rental&geo_location_terms=Nashville%2C+TN
Party Supply Rental,"Memphis, TN",https://www.yellowpages.com/search?search_terms=Party+Supply+Rental&geo_location_terms=Memphis%2C+TN
Party Supply Rental,"Portland, OR",https://www.yellowpages.com/search?search_terms=Party+Supply+Rental&geo_location_terms=Portland%2C+OR
Party Supply Rental,"Oklahoma City, OK",https://www.yellowpages.com/search?search_terms=Party+Supply+Rental&geo_location_terms=Oklahoma+City%2C+OK
Party Supply Rental,"Las Vegas, NV",https://www.yellowpages.com/search?search_terms=Party+Supply+Rental&geo_location_terms=Las+Vegas%2C+NV
Party Supply Rental,"Louisville, KY",https://www.yellowpages.com/search?search_terms=Party+Supply+Rental&geo_location_terms=Louisville%2C+KY
Party Supply Rental,"Baltimore, MD",https://www.yellowpages.com/search?search_terms=Party+Supply+Rental&geo_location_terms=Baltimore%2C+MD
Party Supply Rental,"Milwaukee, WI",https://www.yellowpages.com/search?search_terms=Party+Supply+Rental&geo_location_terms=Milwaukee%2C+WI
Party Supply Rental,"Albuquerque, NM",https://www.yellowpages.com/search?search_terms=Party+Supply+Rental&geo_location_terms=Albuquerque%2C+NM
Party Supply Rental,"Tucson, AZ",https://www.yellowpages.com/search?search_terms=Party+Supply+Rental&geo_location_terms=Tucson%2C+AZ
Party Supply Rental,"Fresno, CA",https://www.yellowpages.com/search?search_terms=Party+Supply+Rental&geo_location_terms=Fresno%2C+CA
Party Supply Rental,"Sacramento, CA",https://www.yellowpages.com/search?search_terms=Party+Supply+Rental&geo_location_terms=Sacramento%2C+CA
Party Supply Rental,"Mesa, AZ",https://www.yellowpages.com/search?search_terms=Party+Supply+Rental&geo_location_terms=Mesa%2C+AZ
Party Supply Rental,"Kansas City, MO",https://www.yellowpages.com/search?search_terms=Party+Supply+Rental&geo_location_terms=Kansas+City%2C+MO
Party Supply Rental,"Atlanta, GA",https://www.yellowpages.com/search?search_terms=Party+Supply+Rental&geo_location_terms=Atlanta%2C+GA
Party Supply Rental,"Long Beach, CA",https://www.yellowpages.com/search?search_terms=Party+Supply+Rental&geo_location_terms=Long+Beach%2C+CA
Party Supply Rental,"Omaha, NE",https://www.yellowpages.com/search?search_terms=Party+Supply+Rental&geo_location_terms=Omaha%2C+NE
Party Supply Rental,"Raleigh, NC",https://www.yellowpages.com/search?search_terms=Party+Supply+Rental&geo_location_terms=Raleigh%2C+NC
Party Supply Rental,"Colorado Springs, CO",https://www.yellowpages.com/search?search_terms=Party+Supply+Rental&geo_location_terms=Colorado+Springs%2C+CO
Party Supply Rental,"Miami, FL",https://www.yellowpages.com/search?search_terms=Party+Supply+Rental&geo_location_terms=Miami%2C+FL
Party Supply Rental,"Virginia Beach, VA",https://www.yellowpages.com/search?search_terms=Party+Supply+Rental&geo_location_terms=Virginia+Beach%2C+VA
Party Supply Rental,"Oakland, CA",https://www.yellowpages.com/search?search_terms=Party+Supply+Rental&geo_location_terms=Oakland%2C+CA
Party Supply Rental,"Minneapolis, MN",https://www.yellowpages.com/search?search_terms=Party+Supply+Rental&geo_location_terms=Minneapolis%2C+MN
Party Supply Rental,"Tulsa, OK",https://www.yellowpages.com/search?search_terms=Party+Supply+Rental&geo_location_terms=Tulsa%2C+OK
Party Supply Rental,"Arlington, TX",https://www.yellowpages.com/search?search_terms=Party+Supply+Rental&geo_location_terms=Arlington%2C+TX
Party Supply Rental,"New Orleans, LA",https://www.yellowpages.com/search?search_terms=Party+Supply+Rental&geo_location_terms=New+Orleans%2C+LA
Party Supply Rental,"Wichita, KS",https://www.yellowpages.com/search?search_terms=Party+Supply+Rental&geo_location_terms=Wichita%2C+KS
Party Supply Rental,"Cleveland, OH",https://www.yellowpages.com/search?search_terms=Party+Supply+Rental&geo_location_terms=Cleveland%2C+OH
Party Supply Rental,"Tampa, FL",https://www.yellowpages.com/search?search_terms=Party+Supply+Rental&geo_location_terms=Tampa%2C+FL
Party Supply Rental,"Bakersfield, CA",https://www.yellowpages.com/search?search_terms=Party+Supply+Rental&geo_location_terms=Bakersfield%2C+CA
Party Supply Rental,"Aurora, CO",https://www.yellowpages.com/search?search_terms=Party+Supply+Rental&geo_location_terms=Aurora%2C+CO
Party Supply Rental,"Anaheim, CA",https://www.yellowpages.com/search?search_terms=Party+Supply+Rental&geo_location_terms=Anaheim%2C+CA
Party Supply Rental,"Honolulu, HI",https://www.yellowpages.com/search?search_terms=Party+Supply+Rental&geo_location_terms=Honolulu%2C+HI
Party Supply Rental,"Santa Ana, CA",https://www.yellowpages.com/search?search_terms=Party+Supply+Rental&geo_location_terms=Santa+Ana%2C+CA
Party Supply Rental,"Riverside, CA",https://www.yellowpages.com/search?search_terms=Party+Supply+Rental&geo_location_terms=Riverside%2C+CA
Party Supply Rental,"Corpus Christi, TX",https://www.yellowpages.com/search?search_terms=Party+Supply+Rental&geo_location_terms=Corpus+Christi%2C+TX
Party Supply Rental,"Lexington, KY",https://www.yellowpages.com/search?search_terms=Party+Supply+Rental&geo_location_terms=Lexington%2C+KY
Party Supply Rental,"Stockton, CA",https://www.yellowpages.com/search?search_terms=Party+Supply+Rental&geo_location_terms=Stockton%2C+CA
Party Supply Rental,"St. Louis, MO",https://www.yellowpages.com/search?search_terms=Party+Supply+Rental&geo_location_terms=St.+Louis%2C+MO
Party Supply Rental,"Saint Paul, MN",https://www.yellowpages.com/search?search_terms=Party+Supply+Rental&geo_location_terms=Saint+Paul%2C+MN
Party Supply Rental,"Henderson, NV",https://www.yellowpages.com/search?search_terms=Party+Supply+Rental&geo_location_terms=Henderson%2C+NV
Party Supply Rental,"Pittsburgh, PA",https://www.yellowpages.com/search?search_terms=Party+Supply+Rental&geo_location_terms=Pittsburgh%2C+PA
Party Supply Rental,"Cincinnati, OH",https://www.yellowpages.com/search?search_terms=Party+Supply+Rental&geo_location_terms=Cincinnati%2C+OH
Party Supply Rental,"Anchorage, AK",https://www.yellowpages.com/search?search_terms=Party+Supply+Rental&geo_location_terms=Anchorage%2C+AK
Party Supply Rental,"Greensboro, NC",https://www.yellowpages.com/search?search_terms=Party+Supply+Rental&geo_location_terms=Greensboro%2C+NC
Party Supply Rental,"Plano, TX",https://www.yellowpages.com/search?search_terms=Party+Supply+Rental&geo_location_terms=Plano%2C+TX
Party Supply Rental,"Newark, NJ",https://www.yellowpages.com/search?search_terms=Party+Supply+Rental&geo_location_terms=Newark%2C+NJ
Party Supply Rental,"Lincoln, NE",https://www.yellowpages.com/search?search_terms=Party+Supply+Rental&geo_location_terms=Lincoln%2C+NE
Party Supply Rental,"Orlando, FL",https://www.yellowpages.com/search?search_terms=Party+Supply+Rental&geo_location_terms=Orlando%2C+FL
Party Supply Rental,"Irvine, CA",https://www.yellowpages.com/search?search_terms=Party+Supply+Rental&geo_location_terms=Irvine%2C+CA
Party Supply Rental,"Toledo, OH",https://www.yellowpages.com/search?search_terms=Party+Supply+Rental&geo_location_terms=Toledo%2C+OH
Party Supply Rental,"Jersey City, NJ",https://www.yellowpages.com/search?search_terms=Party+Supply+Rental&geo_location_terms=Jersey+City%2C+NJ
Party Supply Rental,"Chula Vista, CA",https://www.yellowpages.com/search?search_terms=Party+Supply+Rental&geo_location_terms=Chula+Vista%2C+CA
Party Supply Rental,"Durham, NC",https://www.yellowpages.com/search?search_terms=Party+Supply+Rental&geo_location_terms=Durham%2C+NC
Party Supply Rental,"Fort Wayne, IN",https://www.yellowpages.com/search?search_terms=Party+Supply+Rental&geo_location_terms=Fort+Wayne%2C+IN
Party Supply Rental,"St. Petersburg, FL",https://www.yellowpages.com/search?search_terms=Party+Supply+Rental&geo_location_terms=St.+Petersburg%2C+FL
Party Supply Rental,"Laredo, TX",https://www.yellowpages.com/search?search_terms=Party+Supply+Rental&geo_location_terms=Laredo%2C+TX
Party Supply Rental,"Buffalo, NY",https://www.yellowpages.com/search?search_terms=Party+Supply+Rental&geo_location_terms=Buffalo%2C+NY
Party Supply Rental,"Madison, WI",https://www.yellowpages.com/search?search_terms=Party+Supply+Rental&geo_location_terms=Madison%2C+WI
Party Supply Rental,"Lubbock, TX",https://www.yellowpages.com/search?search_terms=Party+Supply+Rental&geo_location_terms=Lubbock%2C+TX
Party Supply Rental,"Chandler, AZ",https://www.yellowpages.com/search?search_terms=Party+Supply+Rental&geo_location_terms=Chandler%2C+AZ
Party Supply Rental,"Scottsdale, AZ",https://www.yellowpages.com/search?search_terms=Party+Supply+Rental&geo_location_terms=Scottsdale%2C+AZ
Party Supply Rental,"Reno, NV",https://www.yellowpages.com/search?search_terms=Party+Supply+Rental&geo_location_terms=Reno%2C+NV
Party Supply Rental,"Glendale, AZ",https://www.yellowpages.com/search?search_terms=Party+Supply+Rental&geo_location_terms=Glendale%2C+AZ
Party Supply Rental,"Norfolk, VA",https://www.yellowpages.com/search?search_terms=Party+Supply+Rental&geo_location_terms=Norfolk%2C+VA
Party Supply Rental,"Winston–Salem, NC",https://www.yellowpages.com/search?search_terms=Party+Supply+Rental&geo_location_terms=Winston–Salem%2C+NC
Party Supply Rental,"North Las Vegas, NV",https://www.yellowpages.com/search?search_terms=Party+Supply+Rental&geo_location_terms=North+Las+Vegas%2C+NV
Party Supply Rental,"Gilbert, AZ",https://www.yellowpages.com/search?search_terms=Party+Supply+Rental&geo_location_terms=Gilbert%2C+AZ
Party Supply Rental,"Chesapeake, VA",https://www.yellowpages.com/search?search_terms=Party+Supply+Rental&geo_location_terms=Chesapeake%2C+VA
Party Supply Rental,"Irving, TX",https://www.yellowpages.com/search?search_terms=Party+Supply+Rental&geo_location_terms=Irving%2C+TX
Party Supply Rental,"Hialeah, FL",https://www.yellowpages.com/search?search_terms=Party+Supply+Rental&geo_location_terms=Hialeah%2C+FL
Party Supply Rental,"Garland, TX",https://www.yellowpages.com/search?search_terms=Party+Supply+Rental&geo_location_terms=Garland%2C+TX
Party Supply Rental,"Fremont, CA",https://www.yellowpages.com/search?search_terms=Party+Supply+Rental&geo_location_terms=Fremont%2C+CA
Party Supply Rental,"Richmond, VA",https://www.yellowpages.com/search?search_terms=Party+Supply+Rental&geo_location_terms=Richmond%2C+VA
Party Supply Rental,"Boise, ID",https://www.yellowpages.com/search?search_terms=Party+Supply+Rental&geo_location_terms=Boise%2C+ID
Party Supply Rental,"Baton Rouge, LA",https://www.yellowpages.com/search?search_terms=Party+Supply+Rental&geo_location_terms=Baton+Rouge%2C+LA
Party Supply Rental,"Des Moines, IA",https://www.yellowpages.com/search?search_terms=Party+Supply+Rental&geo_location_terms=Des+Moines%2C+IA
Party Supply Rental,"Spokane, WA",https://www.yellowpages.com/search?search_terms=Party+Supply+Rental&geo_location_terms=Spokane%2C+WA
Party Supply Rental,"San Bernardino, CA",https://www.yellowpages.com/search?search_terms=Party+Supply+Rental&geo_location_terms=San+Bernardino%2C+CA
Party Supply Rental,"Modesto, CA",https://www.yellowpages.com/search?search_terms=Party+Supply+Rental&geo_location_terms=Modesto%2C+CA
Party Supply Rental,"Tacoma, WA",https://www.yellowpages.com/search?search_terms=Party+Supply+Rental&geo_location_terms=Tacoma%2C+WA
Party Supply Rental,"Fontana, CA",https://www.yellowpages.com/search?search_terms=Party+Supply+Rental&geo_location_terms=Fontana%2C+CA
Party Supply Rental,"Santa Clarita, CA",https://www.yellowpages.com/search?search_terms=Party+Supply+Rental&geo_location_terms=Santa+Clarita%2C+CA
Party Supply Rental,"Birmingham, AL",https://www.yellowpages.com/search?search_terms=Party+Supply+Rental&geo_location_terms=Birmingham%2C+AL
Party Supply Rental,"Oxnard, CA",https://www.yellowpages.com/search?search_terms=Party+Supply+Rental&geo_location_terms=Oxnard%2C+CA
Party Supply Rental,"Fayetteville, NC",https://www.yellowpages.com/search?search_terms=Party+Supply+Rental&geo_location_terms=Fayetteville%2C+NC
Party Supply Rental,"Rochester, NY",https://www.yellowpages.com/search?search_terms=Party+Supply+Rental&geo_location_terms=Rochester%2C+NY
Party Supply Rental,"Moreno Valley, CA",https://www.yellowpages.com/search?search_terms=Party+Supply+Rental&geo_location_terms=Moreno+Valley%2C+CA
Party Supply Rental,"Glendale, CA",https://www.yellowpages.com/search?search_terms=Party+Supply+Rental&geo_location_terms=Glendale%2C+CA
Party Supply Rental,"Yonkers, NY",https://www.yellowpages.com/search?search_terms=Party+Supply+Rental&geo_location_terms=Yonkers%2C+NY
Party Supply Rental,"Huntington Beach, CA",https://www.yellowpages.com/search?search_terms=Party+Supply+Rental&geo_location_terms=Huntington+Beach%2C+CA
Party Supply Rental,"Aurora, IL",https://www.yellowpages.com/search?search_terms=Party+Supply+Rental&geo_location_terms=Aurora%2C+IL
Party Supply Rental,"Salt Lake City, UT",https://www.yellowpages.com/search?search_terms=Party+Supply+Rental&geo_location_terms=Salt+Lake+City%2C+UT
Party Supply Rental,"Amarillo, TX",https://www.yellowpages.com/search?search_terms=Party+Supply+Rental&geo_location_terms=Amarillo%2C+TX
Party Supply Rental,"Montgomery, AL",https://www.yellowpages.com/search?search_terms=Party+Supply+Rental&geo_location_terms=Montgomery%2C+AL
Party Supply Rental,"Grand Rapids, MI",https://www.yellowpages.com/search?search_terms=Party+Supply+Rental&geo_location_terms=Grand+Rapids%2C+MI
Party Supply Rental,"Little Rock, AR",https://www.yellowpages.com/search?search_terms=Party+Supply+Rental&geo_location_terms=Little+Rock%2C+AR
Party Supply Rental,"Akron, OH",https://www.yellowpages.com/search?search_terms=Party+Supply+Rental&geo_location_terms=Akron%2C+OH
Party Supply Rental,"Augusta, GA",https://www.yellowpages.com/search?search_terms=Party+Supply+Rental&geo_location_terms=Augusta%2C+GA
Party Supply Rental,"Huntsville, AL",https://www.yellowpages.com/search?search_terms=Party+Supply+Rental&geo_location_terms=Huntsville%2C+AL
Party Supply Rental,"Columbus, GA",https://www.yellowpages.com/search?search_terms=Party+Supply+Rental&geo_location_terms=Columbus%2C+GA
Party Supply Rental,"Grand Prairie, TX",https://www.yellowpages.com/search?search_terms=Party+Supply+Rental&geo_location_terms=Grand+Prairie%2C+TX
Party Supply Rental,"Shreveport, LA",https://www.yellowpages.com/search?search_terms=Party+Supply+Rental&geo_location_terms=Shreveport%2C+LA
Party Supply Rental,"Overland Park, KS",https://www.yellowpages.com/search?search_terms=Party+Supply+Rental&geo_location_terms=Overland+Park%2C+KS
Party Supply Rental,"Tallahassee, FL",https://www.yellowpages.com/search?search_terms=Party+Supply+Rental&geo_location_terms=Tallahassee%2C+FL
Party Supply Rental,"Mobile, AL",https://www.yellowpages.com/search?search_terms=Party+Supply+Rental&geo_location_terms=Mobile%2C+AL
Party Supply Rental,"Port St. Lucie, FL",https://www.yellowpages.com/search?search_terms=Party+Supply+Rental&geo_location_terms=Port+St.+Lucie%2C+FL
Party Supply Rental,"Knoxville, TN",https://www.yellowpages.com/search?search_terms=Party+Supply+Rental&geo_location_terms=Knoxville%2C+TN
Party Supply Rental,"Worcester, MA",https://www.yellowpages.com/search?search_terms=Party+Supply+Rental&geo_location_terms=Worcester%2C+MA
Party Supply Rental,"Tempe, AZ",https://www.yellowpages.com/search?search_terms=Party+Supply+Rental&geo_location_terms=Tempe%2C+AZ
Party Supply Rental,"Cape Coral, FL",https://www.yellowpages.com/search?search_terms=Party+Supply+Rental&geo_location_terms=Cape+Coral%2C+FL
Party Supply Rental,"Brownsville, TX",https://www.yellowpages.com/search?search_terms=Party+Supply+Rental&geo_location_terms=Brownsville%2C+TX
Party Supply Rental,"McKinney, TX",https://www.yellowpages.com/search?search_terms=Party+Supply+Rental&geo_location_terms=McKinney%2C+TX
Party Supply Rental,"Providence, RI",https://www.yellowpages.com/search?search_terms=Party+Supply+Rental&geo_location_terms=Providence%2C+RI
Party Supply Rental,"Fort Lauderdale, FL",https://www.yellowpages.com/search?search_terms=Party+Supply+Rental&geo_location_terms=Fort+Lauderdale%2C+FL
Party Supply Rental,"Newport News, VA",https://www.yellowpages.com/search?search_terms=Party+Supply+Rental&geo_location_terms=Newport+News%2C+VA
Party Supply Rental,"Chattanooga, TN",https://www.yellowpages.com/search?search_terms=Party+Supply+Rental&geo_location_terms=Chattanooga%2C+TN
Party Supply Rental,"Rancho Cucamonga, CA",https://www.yellowpages.com/search?search_terms=Party+Supply+Rental&geo_location_terms=Rancho+Cucamonga%2C+CA
Party Supply Rental,"Frisco, TX",https://www.yellowpages.com/search?search_terms=Party+Supply+Rental&geo_location_terms=Frisco%2C+TX
Party Supply Rental,"Sioux Falls, SD",https://www.yellowpages.com/search?search_terms=Party+Supply+Rental&geo_location_terms=Sioux+Falls%2C+SD
Party Supply Rental,"Oceanside, CA",https://www.yellowpages.com/search?search_terms=Party+Supply+Rental&geo_location_terms=Oceanside%2C+CA
Party Supply Rental,"Ontario, CA",https://www.yellowpages.com/search?search_terms=Party+Supply+Rental&geo_location_terms=Ontario%2C+CA
Party Supply Rental,"Vancouver, WA",https://www.yellowpages.com/search?search_terms=Party+Supply+Rental&geo_location_terms=Vancouver%2C+WA
Party Supply Rental,"Santa Rosa, CA",https://www.yellowpages.com/search?search_terms=Party+Supply+Rental&geo_location_terms=Santa+Rosa%2C+CA
Party Supply Rental,"Garden Grove, CA",https://www.yellowpages.com/search?search_terms=Party+Supply+Rental&geo_location_terms=Garden+Grove%2C+CA
Party Supply Rental,"Elk Grove, CA",https://www.yellowpages.com/search?search_terms=Party+Supply+Rental&geo_location_terms=Elk+Grove%2C+CA
Party Supply Rental,"Pembroke Pines, FL",https://www.yellowpages.com/search?search_terms=Party+Supply+Rental&geo_location_terms=Pembroke+Pines%2C+FL
Party Supply Rental,"Salem, OR",https://www.yellowpages.com/search?search_terms=Party+Supply+Rental&geo_location_terms=Salem%2C+OR
Party Supply Rental,"Eugene, OR",https://www.yellowpages.com/search?search_terms=Party+Supply+Rental&geo_location_terms=Eugene%2C+OR
Party Supply Rental,"Peoria, AZ",https://www.yellowpages.com/search?search_terms=Party+Supply+Rental&geo_location_terms=Peoria%2C+AZ
Party Supply Rental,"Corona, CA",https://www.yellowpages.com/search?search_terms=Party+Supply+Rental&geo_location_terms=Corona%2C+CA
Party Supply Rental,"Springfield, MO",https://www.yellowpages.com/search?search_terms=Party+Supply+Rental&geo_location_terms=Springfield%2C+MO
Party Supply Rental,"Jackson, MS",https://www.yellowpages.com/search?search_terms=Party+Supply+Rental&geo_location_terms=Jackson%2C+MS
Party Supply Rental,"Cary, NC",https://www.yellowpages.com/search?search_terms=Party+Supply+Rental&geo_location_terms=Cary%2C+NC
Party Supply Rental,"Fort Collins, CO",https://www.yellowpages.com/search?search_terms=Party+Supply+Rental&geo_location_terms=Fort+Collins%2C+CO
Party Supply Rental,"Hayward, CA",https://www.yellowpages.com/search?search_terms=Party+Supply+Rental&geo_location_terms=Hayward%2C+CA
Party Supply Rental,"Lancaster, CA",https://www.yellowpages.com/search?search_terms=Party+Supply+Rental&geo_location_terms=Lancaster%2C+CA
Party Supply Rental,"Alexandria, VA",https://www.yellowpages.com/search?search_terms=Party+Supply+Rental&geo_location_terms=Alexandria%2C+VA
Party Supply Rental,"Salinas, CA",https://www.yellowpages.com/search?search_terms=Party+Supply+Rental&geo_location_terms=Salinas%2C+CA
Party Supply Rental,"Palmdale, CA",https://www.yellowpages.com/search?search_terms=Party+Supply+Rental&geo_location_terms=Palmdale%2C+CA
Party Supply Rental,"Lakewood, CO",https://www.yellowpages.com/search?search_terms=Party+Supply+Rental&geo_location_terms=Lakewood%2C+CO
Party Supply Rental,"Springfield, MA",https://www.yellowpages.com/search?search_terms=Party+Supply+Rental&geo_location_terms=Springfield%2C+MA
Party Supply Rental,"Sunnyvale, CA",https://www.yellowpages.com/search?search_terms=Party+Supply+Rental&geo_location_terms=Sunnyvale%2C+CA
Party Supply Rental,"Hollywood, FL",https://www.yellowpages.com/search?search_terms=Party+Supply+Rental&geo_location_terms=Hollywood%2C+FL
Party Supply Rental,"Pasadena, TX",https://www.yellowpages.com/search?search_terms=Party+Supply+Rental&geo_location_terms=Pasadena%2C+TX
Party Supply Rental,"Clarksville, TN",https://www.yellowpages.com/search?search_terms=Party+Supply+Rental&geo_location_terms=Clarksville%2C+TN
Party Supply Rental,"Pomona, CA",https://www.yellowpages.com/search?search_terms=Party+Supply+Rental&geo_location_terms=Pomona%2C+CA
Party Supply Rental,"Kansas City, KS",https://www.yellowpages.com/search?search_terms=Party+Supply+Rental&geo_location_terms=Kansas+City%2C+KS
Party Supply Rental,"Macon, GA",https://www.yellowpages.com/search?search_terms=Party+Supply+Rental&geo_location_terms=Macon%2C+GA
Party Supply Rental,"Escondido, CA",https://www.yellowpages.com/search?search_terms=Party+Supply+Rental&geo_location_terms=Escondido%2C+CA
Party Supply Rental,"Paterson, NJ",https://www.yellowpages.com/search?search_terms=Party+Supply+Rental&geo_location_terms=Paterson%2C+NJ
Party Supply Rental,"Joliet, IL",https://www.yellowpages.com/search?search_terms=Party+Supply+Rental&geo_location_terms=Joliet%2C+IL
Party Supply Rental,"Naperville, IL",https://www.yellowpages.com/search?search_terms=Party+Supply+Rental&geo_location_terms=Naperville%2C+IL
Party Supply Rental,"Rockford, IL",https://www.yellowpages.com/search?search_terms=Party+Supply+Rental&geo_location_terms=Rockford%2C+IL
Party Supply Rental,"Torrance, CA",https://www.yellowpages.com/search?search_terms=Party+Supply+Rental&geo_location_terms=Torrance%2C+CA
Party Supply Rental,"Bridgeport, CT",https://www.yellowpages.com/search?search_terms=Party+Supply+Rental&geo_location_terms=Bridgeport%2C+CT
Party Supply Rental,"Savannah, GA",https://www.yellowpages.com/search?search_terms=Party+Supply+Rental&geo_location_terms=Savannah%2C+GA
Party Supply Rental,"Killeen, TX",https://www.yellowpages.com/search?search_terms=Party+Supply+Rental&geo_location_terms=Killeen%2C+TX
Party Supply Rental,"Bellevue, WA",https://www.yellowpages.com/search?search_terms=Party+Supply+Rental&geo_location_terms=Bellevue%2C+WA
Party Supply Rental,"Mesquite, TX",https://www.yellowpages.com/search?search_terms=Party+Supply+Rental&geo_location_terms=Mesquite%2C+TX
Party Supply Rental,"Syracuse, NY",https://www.yellowpages.com/search?search_terms=Party+Supply+Rental&geo_location_terms=Syracuse%2C+NY
Party Supply Rental,"McAllen, TX",https://www.yellowpages.com/search?search_terms=Party+Supply+Rental&geo_location_terms=McAllen%2C+TX
Party Supply Rental,"Pasadena, CA",https://www.yellowpages.com/search?search_terms=Party+Supply+Rental&geo_location_terms=Pasadena%2C+CA
Party Supply Rental,"Orange, CA",https://www.yellowpages.com/search?search_terms=Party+Supply+Rental&geo_location_terms=Orange%2C+CA
Party Supply Rental,"Fullerton, CA",https://www.yellowpages.com/search?search_terms=Party+Supply+Rental&geo_location_terms=Fullerton%2C+CA
Party Supply Rental,"Dayton, OH",https://www.yellowpages.com/search?search_terms=Party+Supply+Rental&geo_location_terms=Dayton%2C+OH
Party Supply Rental,"Miramar, FL",https://www.yellowpages.com/search?search_terms=Party+Supply+Rental&geo_location_terms=Miramar%2C+FL
Party Supply Rental,"Olathe, KS",https://www.yellowpages.com/search?search_terms=Party+Supply+Rental&geo_location_terms=Olathe%2C+KS
Party Supply Rental,"Thornton, CO",https://www.yellowpages.com/search?search_terms=Party+Supply+Rental&geo_location_terms=Thornton%2C+CO
Party Supply Rental,"Waco, TX",https://www.yellowpages.com/search?search_terms=Party+Supply+Rental&geo_location_terms=Waco%2C+TX
Party Supply Rental,"Murfreesboro, TN",https://www.yellowpages.com/search?search_terms=Party+Supply+Rental&geo_location_terms=Murfreesboro%2C+TN
Party Supply Rental,"Denton, TX",https://www.yellowpages.com/search?search_terms=Party+Supply+Rental&geo_location_terms=Denton%2C+TX
Party Supply Rental,"West Valley City, UT",https://www.yellowpages.com/search?search_terms=Party+Supply+Rental&geo_location_terms=West+Valley+City%2C+UT
Party Supply Rental,"Midland, TX",https://www.yellowpages.com/search?search_terms=Party+Supply+Rental&geo_location_terms=Midland%2C+TX
Party Supply Rental,"Carrollton, TX",https://www.yellowpages.com/search?search_terms=Party+Supply+Rental&geo_location_terms=Carrollton%2C+TX
Party Supply Rental,"Roseville, CA",https://www.yellowpages.com/search?search_terms=Party+Supply+Rental&geo_location_terms=Roseville%2C+CA
Party Supply Rental,"Warren, MI",https://www.yellowpages.com/search?search_terms=Party+Supply+Rental&geo_location_terms=Warren%2C+MI
Party Supply Rental,"Charleston, SC",https://www.yellowpages.com/search?search_terms=Party+Supply+Rental&geo_location_terms=Charleston%2C+SC
Party Supply Rental,"Hampton, VA",https://www.yellowpages.com/search?search_terms=Party+Supply+Rental&geo_location_terms=Hampton%2C+VA
Party Supply Rental,"Surprise, AZ",https://www.yellowpages.com/search?search_terms=Party+Supply+Rental&geo_location_terms=Surprise%2C+AZ
Party Supply Rental,"Columbia, SC",https://www.yellowpages.com/search?search_terms=Party+Supply+Rental&geo_location_terms=Columbia%2C+SC
Party Supply Rental,"Coral Springs, FL",https://www.yellowpages.com/search?search_terms=Party+Supply+Rental&geo_location_terms=Coral+Springs%2C+FL
Party Supply Rental,"Visalia, CA",https://www.yellowpages.com/search?search_terms=Party+Supply+Rental&geo_location_terms=Visalia%2C+CA
Party Supply Rental,"Sterling Heights, MI",https://www.yellowpages.com/search?search_terms=Party+Supply+Rental&geo_location_terms=Sterling+Heights%2C+MI
Party Supply Rental,"Gainesville, FL",https://www.yellowpages.com/search?search_terms=Party+Supply+Rental&geo_location_terms=Gainesville%2C+FL
Party Supply Rental,"Cedar Rapids, IA",https://www.yellowpages.com/search?search_terms=Party+Supply+Rental&geo_location_terms=Cedar+Rapids%2C+IA
Party Supply Rental,"New Haven, CT",https://www.yellowpages.com/search?search_terms=Party+Supply+Rental&geo_location_terms=New+Haven%2C+CT
Party Supply Rental,"Stamford, CT",https://www.yellowpages.com/search?search_terms=Party+Supply+Rental&geo_location_terms=Stamford%2C+CT
Party Supply Rental,"Elizabeth, NJ",https://www.yellowpages.com/search?search_terms=Party+Supply+Rental&geo_location_terms=Elizabeth%2C+NJ
Party Supply Rental,"Concord, CA",https://www.yellowpages.com/search?search_terms=Party+Supply+Rental&geo_location_terms=Concord%2C+CA
Party Supply Rental,"Thousand Oaks, CA",https://www.yellowpages.com/search?search_terms=Party+Supply+Rental&geo_location_terms=Thousand+Oaks%2C+CA
Party Supply Rental,"Kent, WA",https://www.yellowpages.com/search?search_terms=Party+Supply+Rental&geo_location_terms=Kent%2C+WA
Party Supply Rental,"Santa Clara, CA",https://www.yellowpages.com/search?search_terms=Party+Supply+Rental&geo_location_terms=Santa+Clara%2C+CA
Party Supply Rental,"Simi Valley, CA",https://www.yellowpages.com/search?search_terms=Party+Supply+Rental&geo_location_terms=Simi+Valley%2C+CA
Party Supply Rental,"Lafayette, LA",https://www.yellowpages.com/search?search_terms=Party+Supply+Rental&geo_location_terms=Lafayette%2C+LA
Party Supply Rental,"Topeka, KS",https://www.yellowpages.com/search?search_terms=Party+Supply+Rental&geo_location_terms=Topeka%2C+KS
Party Supply Rental,"Athens, GA",https://www.yellowpages.com/search?search_terms=Party+Supply+Rental&geo_location_terms=Athens%2C+GA
Party Supply Rental,"Round Rock, TX",https://www.yellowpages.com/search?search_terms=Party+Supply+Rental&geo_location_terms=Round+Rock%2C+TX
Party Supply Rental,"Hartford, CT",https://www.yellowpages.com/search?search_terms=Party+Supply+Rental&geo_location_terms=Hartford%2C+CT
Party Supply Rental,"Norman, OK",https://www.yellowpages.com/search?search_terms=Party+Supply+Rental&geo_location_terms=Norman%2C+OK
Party Supply Rental,"Victorville, CA",https://www.yellowpages.com/search?search_terms=Party+Supply+Rental&geo_location_terms=Victorville%2C+CA
Party Supply Rental,"Fargo, ND",https://www.yellowpages.com/search?search_terms=Party+Supply+Rental&geo_location_terms=Fargo%2C+ND
Party Supply Rental,"Berkeley, CA",https://www.yellowpages.com/search?search_terms=Party+Supply+Rental&geo_location_terms=Berkeley%2C+CA
Party Supply Rental,"Vallejo, CA",https://www.yellowpages.com/search?search_terms=Party+Supply+Rental&geo_location_terms=Vallejo%2C+CA
Party Supply Rental,"Abilene, TX",https://www.yellowpages.com/search?search_terms=Party+Supply+Rental&geo_location_terms=Abilene%2C+TX
Party Supply Rental,"Columbia, MO",https://www.yellowpages.com/search?search_terms=Party+Supply+Rental&geo_location_terms=Columbia%2C+MO
Party Supply Rental,"Ann Arbor, MI",https://www.yellowpages.com/search?search_terms=Party+Supply+Rental&geo_location_terms=Ann+Arbor%2C+MI
Party Supply Rental,"Allentown, PA",https://www.yellowpages.com/search?search_terms=Party+Supply+Rental&geo_location_terms=Allentown%2C+PA
Party Supply Rental,"Pearland, TX",https://www.yellowpages.com/search?search_terms=Party+Supply+Rental&geo_location_terms=Pearland%2C+TX
Party Supply Rental,"Beaumont, TX",https://www.yellowpages.com/search?search_terms=Party+Supply+Rental&geo_location_terms=Beaumont%2C+TX
Party Supply Rental,"Wilmington, NC",https://www.yellowpages.com/search?search_terms=Party+Supply+Rental&geo_location_terms=Wilmington%2C+NC
Party Supply Rental,"Evansville, IN",https://www.yellowpages.com/search?search_terms=Party+Supply+Rental&geo_location_terms=Evansville%2C+IN
Party Supply Rental,"Arvada, CO",https://www.yellowpages.com/search?search_terms=Party+Supply+Rental&geo_location_terms=Arvada%2C+CO
Party Supply Rental,"Provo, UT",https://www.yellowpages.com/search?search_terms=Party+Supply+Rental&geo_location_terms=Provo%2C+UT
Party Supply Rental,"Independence, MO",https://www.yellowpages.com/search?search_terms=Party+Supply+Rental&geo_location_terms=Independence%2C+MO
Party Supply Rental,"Lansing, MI",https://www.yellowpages.com/search?search_terms=Party+Supply+Rental&geo_location_terms=Lansing%2C+MI
Party Supply Rental,"Odessa, TX",https://www.yellowpages.com/search?search_terms=Party+Supply+Rental&geo_location_terms=Odessa%2C+TX
Party Supply Rental,"Richardson, TX",https://www.yellowpages.com/search?search_terms=Party+Supply+Rental&geo_location_terms=Richardson%2C+TX
Party Supply Rental,"Fairfield, CA",https://www.yellowpages.com/search?search_terms=Party+Supply+Rental&geo_location_terms=Fairfield%2C+CA
Party Supply Rental,"El Monte, CA",https://www.yellowpages.com/search?search_terms=Party+Supply+Rental&geo_location_terms=El+Monte%2C+CA
Party Supply Rental,"Rochester, MN",https://www.yellowpages.com/search?search_terms=Party+Supply+Rental&geo_location_terms=Rochester%2C+MN
Party Supply Rental,"Clearwater, FL",https://www.yellowpages.com/search?search_terms=Party+Supply+Rental&geo_location_terms=Clearwater%2C+FL
Party Supply Rental,"Carlsbad, CA",https://www.yellowpages.com/search?search_terms=Party+Supply+Rental&geo_location_terms=Carlsbad%2C+CA
Party Supply Rental,"Springfield, IL",https://www.yellowpages.com/search?search_terms=Party+Supply+Rental&geo_location_terms=Springfield%2C+IL
Party Supply Rental,"Temecula, CA",https://www.yellowpages.com/search?search_terms=Party+Supply+Rental&geo_location_terms=Temecula%2C+CA
Party Supply Rental,"West Jordan, UT",https://www.yellowpages.com/search?search_terms=Party+Supply+Rental&geo_location_terms=West+Jordan%2C+UT
Party Supply Rental,"Costa Mesa, CA",https://www.yellowpages.com/search?search_terms=Party+Supply+Rental&geo_location_terms=Costa+Mesa%2C+CA
Party Supply Rental,"Miami Gardens, FL",https://www.yellowpages.com/search?search_terms=Party+Supply+Rental&geo_location_terms=Miami+Gardens%2C+FL
Party Supply Rental,"Cambridge, MA",https://www.yellowpages.com/search?search_terms=Party+Supply+Rental&geo_location_terms=Cambridge%2C+MA
Party Supply Rental,"College Station, TX",https://www.yellowpages.com/search?search_terms=Party+Supply+Rental&geo_location_terms=College+Station%2C+TX
Party Supply Rental,"Murrieta, CA",https://www.yellowpages.com/search?search_terms=Party+Supply+Rental&geo_location_terms=Murrieta%2C+CA
Party Supply Rental,"Downey, CA",https://www.yellowpages.com/search?search_terms=Party+Supply+Rental&geo_location_terms=Downey%2C+CA
Party Supply Rental,"Peoria, IL",https://www.yellowpages.com/search?search_terms=Party+Supply+Rental&geo_location_terms=Peoria%2C+IL
Party Supply Rental,"Westminster, CO",https://www.yellowpages.com/search?search_terms=Party+Supply+Rental&geo_location_terms=Westminster%2C+CO
Party Supply Rental,"Elgin, IL",https://www.yellowpages.com/search?search_terms=Party+Supply+Rental&geo_location_terms=Elgin%2C+IL
Party Supply Rental,"Antioch, CA",https://www.yellowpages.com/search?search_terms=Party+Supply+Rental&geo_location_terms=Antioch%2C+CA
Party Supply Rental,"Palm Bay, FL",https://www.yellowpages.com/search?search_terms=Party+Supply+Rental&geo_location_terms=Palm+Bay%2C+FL
Party Supply Rental,"High Point, NC",https://www.yellowpages.com/search?search_terms=Party+Supply+Rental&geo_location_terms=High+Point%2C+NC
Party Supply Rental,"Lowell, MA",https://www.yellowpages.com/search?search_terms=Party+Supply+Rental&geo_location_terms=Lowell%2C+MA
Party Supply Rental,"Manchester, NH",https://www.yellowpages.com/search?search_terms=Party+Supply+Rental&geo_location_terms=Manchester%2C+NH
Party Supply Rental,"Pueblo, CO",https://www.yellowpages.com/search?search_terms=Party+Supply+Rental&geo_location_terms=Pueblo%2C+CO
Party Supply Rental,"Gresham, OR",https://www.yellowpages.com/search?search_terms=Party+Supply+Rental&geo_location_terms=Gresham%2C+OR
Party Supply Rental,"North Charleston, SC",https://www.yellowpages.com/search?search_terms=Party+Supply+Rental&geo_location_terms=North+Charleston%2C+SC
Party Supply Rental,"Ventura, CA",https://www.yellowpages.com/search?search_terms=Party+Supply+Rental&geo_location_terms=Ventura%2C+CA
Party Supply Rental,"Inglewood, CA",https://www.yellowpages.com/search?search_terms=Party+Supply+Rental&geo_location_terms=Inglewood%2C+CA
Party Supply Rental,"Pompano Beach, FL",https://www.yellowpages.com/search?search_terms=Party+Supply+Rental&geo_location_terms=Pompano+Beach%2C+FL
Party Supply Rental,"Centennial, CO",https://www.yellowpages.com/search?search_terms=Party+Supply+Rental&geo_location_terms=Centennial%2C+CO
Party Supply Rental,"West Palm Beach, FL",https://www.yellowpages.com/search?search_terms=Party+Supply+Rental&geo_location_terms=West+Palm+Beach%2C+FL
Party Supply Rental,"Everett, WA",https://www.yellowpages.com/search?search_terms=Party+Supply+Rental&geo_location_terms=Everett%2C+WA
Party Supply Rental,"Richmond, CA",https://www.yellowpages.com/search?search_terms=Party+Supply+Rental&geo_location_terms=Richmond%2C+CA
Party Supply Rental,"Clovis, CA",https://www.yellowpages.com/search?search_terms=Party+Supply+Rental&geo_location_terms=Clovis%2C+CA
Party Supply Rental,"Billings, MT",https://www.yellowpages.com/search?search_terms=Party+Supply+Rental&geo_location_terms=Billings%2C+MT
Party Supply Rental,"Waterbury, CT",https://www.yellowpages.com/search?search_terms=Party+Supply+Rental&geo_location_terms=Waterbury%2C+CT
Party Supply Rental,"Broken Arrow, OK",https://www.yellowpages.com/search?search_terms=Party+Supply+Rental&geo_location_terms=Broken+Arrow%2C+OK
Party Supply Rental,"Lakeland, FL",https://www.yellowpages.com/search?search_terms=Party+Supply+Rental&geo_location_terms=Lakeland%2C+FL
Party Supply Rental,"West Covina, CA",https://www.yellowpages.com/search?search_terms=Party+Supply+Rental&geo_location_terms=West+Covina%2C+CA
Party Supply Rental,"Boulder, CO",https://www.yellowpages.com/search?search_terms=Party+Supply+Rental&geo_location_terms=Boulder%2C+CO
Party Supply Rental,"Daly City, CA",https://www.yellowpages.com/search?search_terms=Party+Supply+Rental&geo_location_terms=Daly+City%2C+CA
Party Supply Rental,"Santa Maria, CA",https://www.yellowpages.com/search?search_terms=Party+Supply+Rental&geo_location_terms=Santa+Maria%2C+CA
Party Supply Rental,"Hillsboro, OR",https://www.yellowpages.com/search?search_terms=Party+Supply+Rental&geo_location_terms=Hillsboro%2C+OR
Party Supply Rental,"Sandy Springs, GA",https://www.yellowpages.com/search?search_terms=Party+Supply+Rental&geo_location_terms=Sandy+Springs%2C+GA
Party Supply Rental,"Norwalk, CA",https://www.yellowpages.com/search?search_terms=Party+Supply+Rental&geo_location_terms=Norwalk%2C+CA
Party Supply Rental,"Jurupa Valley, CA",https://www.yellowpages.com/search?search_terms=Party+Supply+Rental&geo_location_terms=Jurupa+Valley%2C+CA
Party Supply Rental,"Lewisville, TX",https://www.yellowpages.com/search?search_terms=Party+Supply+Rental&geo_location_terms=Lewisville%2C+TX
Party Supply Rental,"Greeley, CO",https://www.yellowpages.com/search?search_terms=Party+Supply+Rental&geo_location_terms=Greeley%2C+CO
Party Supply Rental,"Davie, FL",https://www.yellowpages.com/search?search_terms=Party+Supply+Rental&geo_location_terms=Davie%2C+FL
Party Supply Rental,"Green Bay, WI",https://www.yellowpages.com/search?search_terms=Party+Supply+Rental&geo_location_terms=Green+Bay%2C+WI
Party Supply Rental,"Tyler, TX",https://www.yellowpages.com/search?search_terms=Party+Supply+Rental&geo_location_terms=Tyler%2C+TX
Party Supply Rental,"League City, TX",https://www.yellowpages.com/search?search_terms=Party+Supply+Rental&geo_location_terms=League+City%2C+TX
Party Supply Rental,"Burbank, CA",https://www.yellowpages.com/search?search_terms=Party+Supply+Rental&geo_location_terms=Burbank%2C+CA
Party Supply Rental,"San Mateo, CA",https://www.yellowpages.com/search?search_terms=Party+Supply+Rental&geo_location_terms=San+Mateo%2C+CA
Party Supply Rental,"Wichita Falls, TX",https://www.yellowpages.com/search?search_terms=Party+Supply+Rental&geo_location_terms=Wichita+Falls%2C+TX
Party Supply Rental,"El Cajon, CA",https://www.yellowpages.com/search?search_terms=Party+Supply+Rental&geo_location_terms=El+Cajon%2C+CA
Party Supply Rental,"Rialto, CA",https://www.yellowpages.com/search?search_terms=Party+Supply+Rental&geo_location_terms=Rialto%2C+CA
Party Supply Rental,"Lakewood, NJ",https://www.yellowpages.com/search?search_terms=Party+Supply+Rental&geo_location_terms=Lakewood%2C+NJ
Party Supply Rental,"Edison, NJ",https://www.yellowpages.com/search?search_terms=Party+Supply+Rental&geo_location_terms=Edison%2C+NJ
Party Supply Rental,"Davenport, IA",https://www.yellowpages.com/search?search_terms=Party+Supply+Rental&geo_location_terms=Davenport%2C+IA
Party Supply Rental,"South Bend, IN",https://www.yellowpages.com/search?search_terms=Party+Supply+Rental&geo_location_terms=South+Bend%2C+IN
Party Supply Rental,"Woodbridge, NJ",https://www.yellowpages.com/search?search_terms=Party+Supply+Rental&geo_location_terms=Woodbridge%2C+NJ
Party Supply Rental,"Las Cruces, NM",https://www.yellowpages.com/search?search_terms=Party+Supply+Rental&geo_location_terms=Las+Cruces%2C+NM
Party Supply Rental,"Vista, CA",https://www.yellowpages.com/search?search_terms=Party+Supply+Rental&geo_location_terms=Vista%2C+CA
Party Supply Rental,"Renton, WA",https://www.yellowpages.com/search?search_terms=Party+Supply+Rental&geo_location_terms=Renton%2C+WA
Party Supply Rental,"Sparks, NV",https://www.yellowpages.com/search?search_terms=Party+Supply+Rental&geo_location_terms=Sparks%2C+NV
Party Supply Rental,"Clinton, MI",https://www.yellowpages.com/search?search_terms=Party+Supply+Rental&geo_location_terms=Clinton%2C+MI
Party Supply Rental,"Allen, TX",https://www.yellowpages.com/search?search_terms=Party+Supply+Rental&geo_location_terms=Allen%2C+TX
Party Supply Rental,"Tuscaloosa, AL",https://www.yellowpages.com/search?search_terms=Party+Supply+Rental&geo_location_terms=Tuscaloosa%2C+AL
Party Supply Rental,"San Angelo, TX",https://www.yellowpages.com/search?search_terms=Party+Supply+Rental&geo_location_terms=San+Angelo%2C+TX
Party Supply Rental,"Vacaville, CA",https://www.yellowpages.com/search?search_terms=Party+Supply+Rental&geo_location_terms=Vacaville%2C+CA